iter	F1	Logloss
0	0.7260273973	0.6529840931
