num,roc_auc,aucpr,p,r,f1
1,0.5433194784626836,0.45704368396573025,0.4732805743656686,0.5134537086209948,0.4925493525790703
2,0.558130116276365,0.4849688146850519,0.47296109912932344,0.5240750575323067,0.4972078767267078
3,0.5609567501192547,0.484558228493095,0.4919229388536556,0.36386971145335456,0.4183159501399135
