num,rmse,mae
1,2.8278666025015915,2.446682940220184
2,2.8219951752441066,2.4451536525586195
